question_id,question_enc,answer_enc,streamlit_link,langsmith_link
Q01,gAAAAABqLQf3Q4ZinWn1T_3RWPPVXSIks4cS2kz5YIlrtVZ3CnzgQlsE8vS6nDS3kzJwt9YvX87rd0_qAZrGKmdjhMMfehfmns4tu8IuVOOCQl12msqf_ybkv7JuDUWZUSskFLkFMOu7VmscVi6bMpxQdfz9GNFlt8a34bTHKf0JHcmV8xK9yWuWttUm-4DW-1OV1WTSc7PJEuFtPekrS0pr0do3LS_nHqS1uQ-U7Cpi-wh7rAD7-ZYS1-HnBP8gr2MUAV6fZemj-eKXayhX-LslDpVtj0VJDw==,gAAAAABqLQf3gh6Thmc4OaUYqJWPCYxIFwOsX__svW9gi5BwUe9I_oQOQ1Pc1oulciT0e4I0lrwBAq0LothgSlYxIkyNr7V953TfKEQNyomky5hnLVoPBnZlj30cKxKiZQnyuIeNt2HTHl50cj3BVyx865785z2af31B6Iemb5q4RAEGkdAzkxMiOYDJa6iZ2ZKqMQdrKJfNLTyHT413ZCmZsTMfEnTjiIw0aBZRoFM1lCxWMQBlBpLq7YocNFZcnJFhBG3s6SJT8ZGrlO5b5s1XC7CFEQhAbvPk0bd9qxlc4sA6RWXXu2aN86QFbRZ9TQavobYxEEftOO4CW8EOOCyUGONc6qo3dj9cjRlQZdgcPtC5m3EOEbf_Y__k4G76YfauSwMb0xED8c7Fqw-UiBgbZJYYqldFvaLsVar2ylqHcwwzvkxdj9xeOKrpRhrTvoiZeGiGvx6Ute9d7_xV0HKp2cmGJm9KH-GR8N9Mw6XyrEy9ZKhhJSnlg3RchiucWgFlKOfmucTU,https://zyro-hr-appdesk-6uuzsh2hbdkcgqboxffocm.streamlit.app/,https://smith.langchain.com/public/43f5c43a-db63-468e-b1fc-21085912f49b/r
Q02,gAAAAABqLQf5ntJd99OoYBIRG--w7fSGXg-oXZcGJQTfNLF727GL48iSyE0OqT645oIIzIpmS4BXYWZ4WE6WV81swXERIhDk1ZtDhckSYV1X2Q_-61LnG7qgZ78ROkg-rmAPGpIBOn-8oPGxQC-vOTQKGPVKrjUUZmJi_iEGIXXvFwraxlGg15L5RtQQmi0m2cQoJFRWM2zSdiz83My6D5CcxbcqJN7YuOg04hB7jxCW3PkA4cId-Wlq6tnfJuGf6vX_mVG0mA7QH0fSZ7duqGD-yWdzcF8KuA==,gAAAAABqLQf57n-eAPsf1UNXsPGfjKQtPcUiNsRhKPHopBjm2LW9akNZfaAgyIHjq2aXSPXDYu6eyDzjzzKINa1PkM8nGK663tDJjDt-KKewdosEo02AIdyk55jlGNQ3ospd6cOgILVKrJmtvwUPMd3ztU4ftVhWx8VH8nTWaXPjOK47pkHSRKuv5sTGbvb0qohlbYwdhBk8AbzhdEcUH26d26W-jPHU82zkHnLryuJJpYmD9Yw3etnTWges2HZryyjtNzdB2tVKYUFc_WKQT72T67sSNlDaYnItcjeosGdVPEiShhwkycvHEwX97NeTg2y7aAixDGb0MNLy7YnXmKw7ZqeHmoNjCIuUFttsd1mDr90mYtgUHRrkeT12A7mHqCkc-TUXLFcYYvJosSVUiYNAlQ3L0duS32XSluVH3kMzX61IeYb31Zd0Zf4A33FafAx8uUzl8Rm_8iLGLB6r6yLazgLPfZ73TobUxocZqzT6Ac3m4wy3p9CjJvIVMKqe92aTuRIELyQgC0ZgGyQiaH7CyQNP3p6GWIPVfmdPoPn8EwkQ9mfZh51--AIGrasn3BiZZdQ8MIJrW2AdXFjJaPzHdSDC4iKIdMqa7IPt53RF_C71mDRQaEM=,https://zyro-hr-appdesk-6uuzsh2hbdkcgqboxffocm.streamlit.app/,https://smith.langchain.com/public/43f5c43a-db63-468e-b1fc-21085912f49b/r
Q03,gAAAAABqLQf84ZnC8hoGbeSEAi0-e6ruXJnN-i_2LITI2bM8rFKDvSTzBDer0wW6AdtaUGJLEnkFhP14nQOfNGgiLLeef9bAxQgUlV7l-ddlxDBvaW93ldQVXEIDumOZApucX7D_tGrVxfQGnf3R_8xAD2hsLeBefrusPVThp_U4mInHXigRuilR9LyNV3Q91qFrChlcmDddr9C7oXUrCX3ytvmHo10726bFf27qcgjjOAjmX4iLCUQ=,gAAAAABqLQf86JBi0Tkzd1G3G_4cBssvxss2bIrmK3dJTK8f3O05IHjNSt7QUhpts0ZuC4Vw6pvPIvF6N6k-zWsYSj2ZOyuURWcGYtisjacw_onsdqx3plJagrf8HrpLkYAJDU_PGTQ79dzVUqwIP-a7URzYPOPs7tArFHETUbNCFOSH7HHAovoqKUoTY6Wv_NNc4CBuRUOtzf4zVtfiHhdxVcDgRNpSPHpp3Uu2mLTV0SoF-axm0qp3TbNMB7dIxhNt0UXX2VLWvXTKTV9qLIK1hr8iSv3Q9j5wxZDVToIZK1k5ezIS3GyHtwyxrVJZTP-2bZ5CwtwKVDAuW0IkqYa_NzHZxKJW20raDakNiajkRkjx7FnsVM7q2qBeLlwUBO5j3GN8InLThzz2wnt02QDiXYhSY6naLi5dLwEG5P6_vRDHCKUu9HaXzwt9uDynvF6XzG9a-xTpJq_6mzwZx5srDAtLQ4XF8EBTkJ827pAy7qmfWiT9bwaME2ZuaQUGfn66A4YS9isa1RLEt5RTQb7XHNED_dmaymfiJL23xWHSwCKRHM7isot2GJjVhQoKRYasEGNiNvDo8ZW0vZsD61uTu9B8cEgdCrKXxbdoDRQbsfVUNiHAJheI9A8uNthhe-bs07G4RJYnOGz1byntkQ_7ou70F9u55w==,https://zyro-hr-appdesk-6uuzsh2hbdkcgqboxffocm.streamlit.app/,https://smith.langchain.com/public/43f5c43a-db63-468e-b1fc-21085912f49b/r
Q04,gAAAAABqLQf-erXE_VKPNa87_ewZkKsflMCw39ywpuyAoYTvUH8JONNe4cMJ8Vl6qFcbBV8HRLpZGu5ABGafcNrkVSdpdDBC5BFWI0SH7F6pEiGEmPdIbomf0SZyulJZ8LJlER9SAZ-RH3LKSdEYLHUAYj8ooiJZv3ot5dFuwlCNq_K8uP-nFqDAdmRLiU0E1W98dvNyqfRw5pTWRNPl3bSjf6TUhODzXDdfDTMkVIkMFN0IAVZUzys=,gAAAAABqLQf-i4SPWU8IotwMbXuuupow8JfH9krFCMejxOiN54Y-WKLgx3n5Wjjf2D2rwwbn3baOp1nYGfOPmv-1g-2NPTDQQ4Uh0z2Wyxz05bsMoJXKWWF75NJDFrBU2jjJBb6Wr058SW9s0wnUrOvcPTWyQRq3FMx1vjeVkJ8QxOTNZgE66aUR9tewYiy4j1IuSRrzL1e0tQP36Bdhji7XgQQHVwZN65KcMnN1PMf4pgdFpIOxMRkI__fai_ahg6PKAoY3rjBWAzDkI-VNi_-AILpgjKUKfa35a3-gkpFdko3WSzj79WEYf8cxJQkWHGmd6lp0S-x5wL3T-M0uo5oqUG6HLKjYnJfZstHxL6jw3_KWkF3nSUzFbmVryYGOII6-1l__K6CcqMQIsSKSvFUhX4lQiti1mLWmmB7-gB7hYEvAj_4oWOsADEzBt-HsYvk_LOaN9Zf8,https://zyro-hr-appdesk-6uuzsh2hbdkcgqboxffocm.streamlit.app/,https://smith.langchain.com/public/43f5c43a-db63-468e-b1fc-21085912f49b/r
Q05,gAAAAABqLQgB2T81TV-K7KTidnDswNdEIVmH95fAM4Nb4C18qv-h4uIZaVyzQ7EzaP9LCw03xnRU31SCrGfVlMKaATj2jsk7zf9VnWE0ME2k-zladj9NywLjhxzWJKoGJptjzZYS3i10HjcJnKiDkjcJy1ph0xcJxI0vAgqf1_eMZmKCTYmoJHLEXdVnv2cjSbYjmm97UvjqKTO0ndFRSuVH-AnQhSG0xQ==,gAAAAABqLQgBldQx7Si4UI85sU3Ltj_U4HxWHTRtrB_gkjaX4Wxp1oY24piK4x7896nuQ2yYxFSqdWsYcfyisNt9WwXph-yZVr7ZOTe9JXBx9x5KaDpBnEfp8XEQWZpmcI0hGiN6aLnEPuZgQvipMbvG58wZsYzhz7doDEhO8FPo-Wxdb8t6PkGCHY_auAwo2IgDVotANtiRm35BG9xbdPBqVjzLect-OYgvUqy6Te6umrF8H_I8GhNYYoVRNKB5bZko-g7SyFZDgqYj9p9rvVYHCzkn80lm481k4efEEC_HzyHPIXsF2H39BIsI2Q1MmqBIES99_-3Mj53iaZU3p-DFdKDK_Xk0y0_9j4y45xT4BHwLry7IQYOUAO9G-aFgfMlEFui3WugWwSl-qjtdEMNcReSIW23dDnpmMNwOwp_kPDXZj9L0G9lrwL-f5Z-QGTo3lyUBnbGETbsYHaXw9zpnmCjl6Sp1ymfJLghrqq1HU56DmVhJZzdZrqoQRLMYSGhFu12kf3ofdJWD9gDG0N-WLqFu8W2jFyIY3g1CDEXDLTwtZQ2Wvvz3L4_k3dXXRL_f0fti8iUGUyWpjHnS78zTs-k9YNBhOA==,https://zyro-hr-appdesk-6uuzsh2hbdkcgqboxffocm.streamlit.app/,https://smith.langchain.com/public/43f5c43a-db63-468e-b1fc-21085912f49b/r
Q06,gAAAAABqLQgDuFvWk1_kmaSZ5CNuXIPtT_TmkV1TTnrccDp2L2mS7tc-zxRPAsDalhG4SmueIdinM6Z9x8FxEa57QnFz77tUJUTbeTsBEka-znWrxg1RhaX9GNLmshOtLl6U9z0kf3rpC0HRWJLhwGh5JMOa40y_Yb4myc00TGofbCI-8U0m883OMzuyd_J-FXKb7mApwVVK,gAAAAABqLQgDdB8ew2hYXCjI4zzMy7Pndzs1W2OkSsVfCztsFSQMRYFb1x7H4pxO6j-cpH-HlyuBk2VYGymIm4Rgxl6IVLql9HP3vdLiamLQRMwq4rJiniU279OkStlT6hONQKuegKmmGpE4_xxrpI8kywLxOBK73FdBOzVzaHITLcuOR1kCkWQ20w0ua_AOgy-NLC7KkGy6eVrhgISRUuAZBGSAeqLyMWYrXH0hdOn0wNsIMbsx7ZxxnXPSP0wQpeV59Sufqqa_Yi3nloX5hoFv6f71gQkfYCufRFT65dFzEvYQWRCWjy15peOLIDeLm6HahwItNa4bOJU9RxiqeU6fRAY816FCD_U0zEKqaj-flRYbL74Yj9pjucdbFt-bgYwkXTMCwUsRW3zIllypICdE6VFhnNMef7hgvIcgLhj9zH6qd72JqmkI4ICXYw47tk9UEeWPeNIbK7Ko4-MH1aeOQGfYQL0AG63r7yBUR_FZLRmvb0GUefsvVl-k60Vyx100aLjkvo2E43WL2QcRjVh0uYeCmAY7vSJu_Nz6K2daOjf0QtidnhEs2PhMTyU7kCczZaTMMdlRntzcX0J_5RGokfGwoSzDd_56grehL2YkxcX3YL4L6eAyURX-fZxQ-oMqRBrVssFFkowBsVN3LyKvLOdg_Urd0E6VzKN6It7GzGgi5R3xrXb-08PsQb-vEPqRXgVb1fC2PqCiY-5Xgskryi1hG0HH8DBGcljVMuyLVIdNf0C9CJThO2GhUIG1WP4iEMRQgOXfWblxOXfU3LKHvcnwuFRBvYbU0hZ_8wvFAiyj1iq7zwzenkIO0cXCTfaHr2-taLw4WsOlC7uzg5lwjIP829Y-of0jSC-SMziEfpRadGvystUR3l5yXX26_X7YNPrEpr_9ntU3y6O5U0EJ2Sl54MRIgZzdJSdye63KQNTqO78f39nhe66d2QNGizTT9FTtTclqRcILVPMgv_ceM_brUslZSINR0sstVeV70p2T3sPhzY-En-nXhYkcouV9MpBobbKLIOm0d-mjqW2BEP4SwSZHiw==,https://zyro-hr-appdesk-6uuzsh2hbdkcgqboxffocm.streamlit.app/,https://smith.langchain.com/public/43f5c43a-db63-468e-b1fc-21085912f49b/r
Q07,gAAAAABqLQgGLWdKA0ED0C-vk4Qw-8nq9twUnEaPxpLOYEWPKTTRTDg9MFa4Pg2M11X45esGxqr9ZGkPmov5m3FRqhJ-_7Wex7ef6FSsnWO_sM2ldfNnbpWqSdZlh7VZGzNdgYH9xvF9iRa1YvesLGnul7_5l56ePUpY3yKNpA1raQRDij1mzyR14wp_Muebam_sDCtp75TwmiKB7Rdv3vMGPN0E5igPrOahq7S6Q1n-MgHkJl-XgCjo3OSelHQ2KePHJGyVGRgI,gAAAAABqLQgGhj9vcGnzQqyk6zMHnYOUWjT07J3yNADVzHcAe9ta1ZjncLZMXu2P9Uzyp_IzpsmEGidfLegcgpEwr8lXRnhKZIiWfTRNUFMG0Dg346f3SmmlKkUxtW-aLCNG9ghI3TAf14-k67dP5uAZqV6VEDdR-CxM38ldujg-wJJOkUR3ufAgLPt13jO_cLrVcv7v3IzpTZ1j9TZHg11Jl585NBGsMVo6TU-9ODNKXfRAfHVGEhQtU-DumCNPeHzShM_Uca7avcdc_nioTNxcgaWnysmx4rLh6R-8Qhdk6JZMEjxercftnef4RRLB6LNo0TnhXIDbWeaYM5EiQyBfTS1wRFQXe5QfmDDfwicvwUANqYI_dDo2g6CZi_-cqGw_kAANrWZ4ri5tIcjNci2ky3FxvXML3kDnP3UrGfi1nHePJCQDNyAm_3AEn-tDzgcWQ5u7sE8C0rThVbBSjso0_FbE3kbY7I57M6BU9KqvZA0atpeTIdlv6Zr2Mnl9nZ1J_LuHez8y,https://zyro-hr-appdesk-6uuzsh2hbdkcgqboxffocm.streamlit.app/,https://smith.langchain.com/public/43f5c43a-db63-468e-b1fc-21085912f49b/r
Q08,gAAAAABqLQgQ9BXlPDSJFgSWL60-AQASsayw4waFVs0oAFZBA5VdrSZXyH5zHZiv_-Ues_Z1U2pTdi_wS6vGHvwy2dNRsg0TtY517GcZN26V5LkGWyDPVWoRNPxZNHaZBgE5XGelbEl4Yoeun3nvNUNhvdGu6v-gkgBSY-PcwCGWhK73ZkyKrg08i2bHvqnxEZSCw3DangTrJgN4n4d7gTcQf2iOBnC9-1yZ1lvodc9Cl_lmfDdZ20M=,gAAAAABqLQgQjpxaqHxZcefkma-Ahoc8F4v6FnSg_syQQ6fT7SIF6MUUoMVdqvYhlc9sMyDnjo9my2ThUxklM6Kd4FeW5nxtStNaagxiKctGgwnJ33uNxugbPh25fJvrYP8DFjT56uc2VPNFfcRYce3GrOeTgal-ghVLP-RnEO3Tp1_bfe3EHdUV8gmtvU-EEuBjlUZnIvK80w3pqS8Mux8fQqNuV6sWafPOD7u46A4rgkLmyXifJOSvcqWhr7zSgDcPXCxAafnRJHQyGwQbK3FNZxY_2WLZla5WW39s2jnmZMiSNx3mvo_IEKRPUV8nV_q1J4t39z_WNhSTEWWwc6LsszY3yjhEucfCuNKOM11-XOo8Ec1dQkcAZs_T8E4QXdLdbwKdUMbHjtkSNjXk86YNl2FaNp3GYbaolTAvXvSPhpV66ZVuhjbrObo39PApqeLz7TCqQDT9ThQvcHEMWS04Hy96YK5HBv2MNE_kS0pAQDkcExwUU65bx7oe5DAaEW_5u8QMbsVxYASfwrNX0WrLfPBoMRkxeBLDJSXiYhHwY_YHDhVbwgTTsDz7AO5HBaXE3u6NJCRx9k1FIuSmzl-3bgUJ8wEPq8CxERf4I-T59k-oBBoJmyJBzwWmmmaa6oVwQEHvil5yqc1EvdF9_SlaCNc2B3tXzO7uocTytSLGiVTHHES20UQs1cM-OpxNBkQdlAMh0pCU1CLjkH1KxKbY4_MzVY85dgy-Q2KPehMbyPCeAozIVVCjeRCxOkqTIG0G09BacJ6yf5tx-yRpDgdpTdZh5dJm3phLRQExPoddwob4VnaPxhOhy6n4j1zQ7l4YKm1CbSmHlSUwtO9gH_lPsSkJib1o2A==,https://zyro-hr-appdesk-6uuzsh2hbdkcgqboxffocm.streamlit.app/,https://smith.langchain.com/public/43f5c43a-db63-468e-b1fc-21085912f49b/r
Q09,gAAAAABqLQgc9oP4ICtK1vfu-jFg6fZvIlV3RTEqUeVd8LJKhGqs-axmpfi5bIZpeRXJxqO_4TFSvtzpAf4wol3xeRQKwf-0YksufFby56QvmsPQgOGX_x8tNCnWNSWVP-qlLhsPrTgAnJWLhHrodKcfQE8wGXo8sv06ABdgRCrXSc3uPhotuTo07tJq1hL7a6cvZk9glrHiTugUF8kK6m4dT-WlOf2UPQ==,gAAAAABqLQgczpYlBxiCUul9Q3dB1BhQsLJDgE_Xy75lkrsK2Zl4ELZbcTUBHhnsHJJgmTD91FfTXX_1N1oMAdWZ_nga5EheJ0ejCVwPciNGcaNqZhr6pKV8DC-VRRIsAOyAdJGtncmILMbF3SuPaIi8sBEbkzazrVtYuvTrV7XgADNpG53CEZ3En38B372QSZx8-QlEg__gerFilf0w7urNIdWk05YWA13wgsWvJmL8bC2BeoWqtsyjlu0d3ikv0F7My3M4mRHyoQghn4GV0CKRFsozBBIBoICMqLqSq7Jpy_z9jBD1ZjRFUhEnEQhgbMTiWeJutwSUAKhfaXHSbp3d9IYnmyvjdWrtsyd-x4alRHxYfznOqAcf9bHnY4swOxHsd2EcwtQMrbW0_9niBUzly6yMbzdE6vXj62nEvwAu_Exly52KREOMTq07IeOb7Q72bgEn0EqqoeSNmaRIxvYnTshTft2AjKu4qij0btJzQWQNQXkH0qJTOq_BXPJEkMxq6asWpPqcCB4Txqsb09ChRVM6yvjJlmsoEs3LblMumQLE3D3zgHIFBJmyCJvKj7oZtbxWg-pYBI7dlMDs2Dd8CJMattxd8Q==,https://zyro-hr-appdesk-6uuzsh2hbdkcgqboxffocm.streamlit.app/,https://smith.langchain.com/public/43f5c43a-db63-468e-b1fc-21085912f49b/r
Q10,gAAAAABqLQgoMZhjGrMgpDeHvk3p2CWr-e0pKhYa7eSG2FAkHj2d4b-IKYRkisfJIQPEBh0csvSMMqdZKRmaGRVXhVFTqubxR_kUgsU1giaaGU8m3t-b88dT-ecL2okBEdfx2qMmdDmxLRxh_mlxIHoXxN5BFgGxzjsgLolOzzwXx7zlez1e3QmsUdtXG2upkt0AWO1PHxHDKgaUVITibRT5OQxxJt00lW3xirvXN8MWKmvANHOgb9k=,gAAAAABqLQgoXTkh_bqjHs7-2hs13_Hu4MH52JH787WXbl9D_DS_iQjHCDJaolgdxdp2rxO4MEpM3bIhqAc0-QJDziUvmiO6pr2pR_54El2Gmus54Y5s2RsrhBiNxE4fTe64cN_OpMYdprN-OPfQP3WehQqGRw8RsbhvtCEtaucl5szRgTl_upWOKIcmwjExkSi-muXhRM73_nDA1BUx-5to70Xc6tdTfBAGKXK9DN4_-BHFsT5V1dWzQ_MoBvbAee1cA51rcgCox824r8FQoTpJa7jUOINkGUWEXF1aTM-dFodapDdojSP2chlIQEZmKdyk00hOTw7ecHZEMN0UKieZDNThX5iEvEX8xWa61lk1Lec0ZfKTH6NwFbcrZU1EqjkcDdU4VHUkp_Fu5Mrc2E83NV_4heH_LNfKcm7StKLJ_cfyWz-4lGRcOkHH9JkI1qpH9Qc5D0XXjtk1D1gHq01jtGbAVnYDEgdvPqmR-fCgKRVtlARFNsml0wEqs5B2kYV57QZ3G590-edyVX2pOqw-2Pef0_67MH2UTPQ4j0ulP56bPu7Al5TSX9n6B_ejuagCFWcCbRN9XATqR2WAFF4Dic6T7NXETUWjiKkP0vaHZxBcGEOKUhXyWSjCoBoPiyHD4KBhbsXvOIIRcRfPSkVLGoTJhvZAeKipuvpULecrW_sRo6OHMqmvUkQPICaY8tbn1f9i5SaXezZOPHvkz9K3T_hLxoWyv4sEGBEunxkqztqtWkZCVQY8eSoHWWYVo33xxsMreAJE6PMju_GNYx-np0Cn9M99lg-vIStZOERBGgbncmURS9JDVxAIBvfWKmc20s7lTY5Txn3pUkhW0Xz4U3hUUO5NYA==,https://zyro-hr-appdesk-6uuzsh2hbdkcgqboxffocm.streamlit.app/,https://smith.langchain.com/public/43f5c43a-db63-468e-b1fc-21085912f49b/r
Q11,gAAAAABqLQgxVlVJ_CuTZlwa6CJBSIESPKSV6CxF9vS8UlijhCS73VvNHXPGdREUCr0nDri9-85_rxjwoRExco_W6j5i46AnuNBjQotXehGbKH_Snky7F0wkUYITWY3rLCMU6DVgXBRxjF13TKmH9ycCdKteUFw8cBuduEcOS0Gs9yS1APWFnZ674xp4PMNwtMqeu8r48K1T,gAAAAABqLQgxmfVpbLNoZzF5VCjNJYoyC5Axon5KfTpiHk6uV-0hCyAVQkkyUv9K-Dc8ZXO6RCJXWq_p4F3s2UvWJjHzLuE-MKk_0j71Xmf1yt3gFGozE34-C-EO6AI1INHnyF5pEGoPAjBn6Ktgodw1IfYGA2wMuQ==,https://zyro-hr-appdesk-6uuzsh2hbdkcgqboxffocm.streamlit.app/,https://smith.langchain.com/public/43f5c43a-db63-468e-b1fc-21085912f49b/r
Q12,gAAAAABqLQg9ZV5AFpKnUyHLoqNF09ie7o5V1F6GA9uQm6Aj7WE6zQrUgR3yCuNCynCwID9kdOc1Z_FpjKO8ekhUWKP5rdEZ_3O2i9geIDQsYHiRyBVPNDe2NPvNO-gtIaRZeq6Tyy6qeyHhfAP8faORipmwwxXY5zSdNL99-TaliSqaBCT31EJDm_HeAZH6SO2dwbT8ucz2,gAAAAABqLQg9NF3OPTf0ZNI76-zz_xxh0fBFmZuu0ovf4Jox3y0Vfy2P8ZWCSrB3RzHen5WIVJEPOH77LZjt_se95I0cKUcOP5nRH1Suq28yGfJPkaA7FSjanAKQLDAks087k2JC5QPzAdYxJ2_YkX0gCMof1TKdHCcFDzPN0PPW1aVK9zsxDuekkT1tNzEF8oTWHYL6-GoiU0zJbkBnhlK1iGIU9GlBmWhtEvMp1hi2n8ClwiASgFFo9pDlHv-41WLJyntYGflF9pv47rYaUNe1VUbjIPduTGfzBv0j1EPl9rnE4f1brTbtfYjr1qKW69WO_OzZxQ1fjLrWiZkuk0RfqzycZpzDFCoCmtCpHf2ZNAFcytHogN8JtK4ACg7rzZE6Eh5QXJyPGC-a1ktfsZ9YvxfO6iO-qXSWF84URAAWKWg70N7OixgrkCEp0kqwCpOeGMRy8QrEysQcrrqiNccg6DVNzJWwLJfbB-SmBo57Kw180fNIVSLFYFmoYGVoEg7bBXFdgvZqRdtieF73cif7gZ6KknO2uqUrE-ZWSCgZIPbqHxSIAESizYlx_-SN8URBIfgHyYkjRn8rOZpnn0moR5dVnn4AVSliFI8pgFR3XXMPW8LD7EvEyIcrek_x2MT4xeEZyPNNWrY3oiHDiGhUmLrDSwzwPekshizYcY-CQGQyzglTLS0=,https://zyro-hr-appdesk-6uuzsh2hbdkcgqboxffocm.streamlit.app/,https://smith.langchain.com/public/43f5c43a-db63-468e-b1fc-21085912f49b/r
Q13,gAAAAABqLQg_djFICeTQm2fkiruDkVRPQIul63I57wRkDZXOuZifdsk7IGFm2lNgegkonGStLUGI0xV4PrwWMU51P0gfzsBkhgYEbOP5CTSMOoKcMBiQTzAeVpxOfiK6PLEtf6x6C2e79pqHwo_jM5jyWjofNYAKowr2xgDbfZYZcUcopjAuK5tVOmWdGtiaDQoSqbwVAFP2,gAAAAABqLQg_JiWA1TJRbRyOL0qzBst1Tg64UPqMPE6Ks5Ho7rkHpzIW4D2EXP_2GPlOmnSJdsLFD7p-yOVTd8Yd89LKz9pmRiCExX0QkyvN-8JXG9lf2hp-4YSYsz77ZHe-l1sh6ajYTBOjX7x27978TcYUshLHf8Vbsc8mq4KcNpdjWI4uptXZDMKl9vFfbJ6q3hrwWNg052ooula4L90UUN-wWKH5ebMBp37OpF3rw3z64O6tE9RD-cq_YPlX_lgvLgr_IQxo,https://zyro-hr-appdesk-6uuzsh2hbdkcgqboxffocm.streamlit.app/,https://smith.langchain.com/public/43f5c43a-db63-468e-b1fc-21085912f49b/r
Q14,gAAAAABqLQhBOzWlWJmBM_IsOmZDcJpj8OGc5MYRadstouqntTNYxON5PTHZmibp6XDTv97vivFH8t5ca5xvQRo9B3LVKVY3NsmAfCk4IntOFKOcpiRHtZtlZ63SqEgI1So9lffdS7yTm8J0ZLJH4OZewr_Xd0l7FMoRGbcJSr1t2cbyVECDtMa996g6HktWC2nlmcg9i1uV,gAAAAABqLQhBkku64-FL8qfQz7Zg6ixV2-wnPF-FGxkchFfmq_mBPCgbwhao4hhtEMDBjLYUHdnClHBhIbu8XHHmvLXxn22UmUAt4E81Yg4fAAkAslk5WIL123-q9aQQrAgdPwwPk8JtFHnPlYIiEJ1huRJZ93yOXTlr58JQQH6Jxbk44Db9kE2ZNtAONr95xK1U7aRdbCbo5rbC3m5E_75OWkRBnlaSHJrMON27gDBTnUlOqyndMqs_PpAyn8UQoX2UzOxqGFmT,https://zyro-hr-appdesk-6uuzsh2hbdkcgqboxffocm.streamlit.app/,https://smith.langchain.com/public/43f5c43a-db63-468e-b1fc-21085912f49b/r
Q15,gAAAAABqLQhJYiher0uRPgShHGn-2RTPcI8cgKMKwgQAfUiitH1YVwZ3J_menOaxbsleOTrrCCMV6PyQQ3zfUDNNP5tV-1SiPDHcbAM3c2YsWBDwsZcW2UPVm4NS6w3g2f5_Bzzy06GmuOxM4c8toQS-jsc9M2OaBxzkNefswEkWZLo2J630Z3MMRqVW0kN39_XHR_iFiMJGnXCiwJmvcxEEzWBmd52tyg==,gAAAAABqLQhJtZZ0lOfr5wWY5sM8GL1FEWemNSU5KvRug6m-A6BHYobVo-5LqroVFJ9oPVpk8MPLBZjkbE0xY6SMonrGXNZ4lE02SG7nszUF6QjPfwHk2nP0zUjExO5yC_reZ5o8rPiDl7i0cY21f8PexbcKpCLvpqGJAnld_i3EVxBO67V-uDSNcA5g1EWX_XwGMiN1iRfaep3r8rVqXCcRRy7yTdnyoOBmp7DyYH4wPLJ1B2njv3aOBocXlVSGeWItQ0bpIVFVBJZk64WBa3QKROigGR_ntLlZTV546KDnerOSE-_lVn8hV8MHdR-7_qYoVvce9At7,https://zyro-hr-appdesk-6uuzsh2hbdkcgqboxffocm.streamlit.app/,https://smith.langchain.com/public/43f5c43a-db63-468e-b1fc-21085912f49b/r
